id,first_name,last_name,email,gender,ip_address
1,Garrett,Lovely,beanbrian@example.com,Female,70.175.102.226
2,Coretta,Wheeler,xgriffin@example.net,Male,20.71.246.182
3,Lupe,Johnson,lowerylaura@example.com,Female,70.177.198.72
4,Clara,James,sonya61@example.com,Female,134.67.86.108
5,Jennifer,Medellin,adavis@example.org,Female,223.200.241.158
6,Sally,Mccarthy,acarr@example.org,Male,11.180.25.210
7,Helen,Coachman,marie90@example.net,Female,151.217.51.40
8,Alvin,Sheeley,hartkathryn@example.org,Female,42.231.84.93
9,Reda,Stephenson,whanson@example.net,Male,132.50.20.169
10,William,Clark,michaeladams@example.net,Female,24.68.92.88
11,Heath,Pathak,adamsroy@example.com,Female,19.166.30.231
12,Geneva,Bennett,parkerashley@example.org,Male,162.229.79.131
13,Lillian,Smith,sara46@example.org,Male,88.241.195.35
14,Thomas,Yates,wnolan@example.org,Female,108.124.237.240
15,Bennett,Link,thompsonjoshua@example.com,Male,78.177.160.107
16,Lillian,Gross,ann97@example.org,Male,135.201.174.98
17,Jacob,Slater,ytanner@example.org,Female,157.40.107.195
18,Marlene,Jackson,susanstephens@example.org,Male,148.236.114.223
19,Latricia,Simmon,iherrera@example.net,Male,87.190.142.82
20,Anthony,Jones,gregnunez@example.com,Male,67.114.168.210
21,George,Tyler,williamcollier@example.com,Female,209.21.48.254
22,Penny,Chapa,angelica74@example.com,Female,176.21.195.99
23,Patricia,Charbonneau,bkirk@example.net,Female,106.177.48.51
24,Pamela,Edwards,danielhayes@example.org,Male,53.168.114.153
25,Debra,Weiner,nicholasfrank@example.net,Female,14.27.49.222
26,Wayne,Krebs,craigpeterson@example.org,Female,10.150.90.180
27,Ruth,Dahlstrom,anthonyfischer@example.net,Male,216.174.139.161
28,Meri,Mccoy,kchang@example.net,Female,161.96.249.240
29,Paul,Donovan,amandarogers@example.com,Female,171.244.197.92
30,Cathy,Pereira,hernandezsandra@example.net,Male,19.106.128.223
31,Anne,Vanhampler,justin02@example.com,Male,87.68.123.236
32,Wayne,Mclain,donald86@example.net,Male,188.27.245.27
33,Carol,Borgeson,ilewis@example.com,Male,115.161.38.8
34,Tyler,Commings,bmorris@example.org,Male,87.60.253.6
35,Theodore,Parks,jacquelinepacheco@example.com,Male,204.156.201.251
36,Dominga,Kiely,robertgarza@example.org,Male,160.64.28.166
37,Sharon,Deal,xsantos@example.org,Male,219.112.194.162
38,Bradley,Choute,zstewart@example.net,Female,25.148.0.73
39,Adolfo,Ellenberger,smithrhonda@example.com,Male,188.172.110.103
40,Carol,Storjohann,fieldssavannah@example.net,Male,77.48.123.106
41,Robbie,Prieto,agalloway@example.com,Female,90.118.108.10
42,Daniel,Wallace,jeremywilliams@example.org,Female,18.246.193.160
43,Sherry,Bernd,cchurch@example.com,Female,148.228.238.66
44,Jeffrey,Ma,ricekayla@example.net,Female,211.8.203.215
45,Randy,Delgado,johnfuller@example.net,Male,211.80.197.242
46,Richard,Cox,samanthawilkinson@example.net,Female,183.55.115.26
47,Michael,Howard,melissa20@example.org,Male,42.30.188.96
48,Troy,Mccary,kurtparker@example.com,Male,155.186.12.173
49,Jolene,Peeples,mhenderson@example.com,Female,204.110.239.182
50,Lisette,Klauer,acohen@example.org,Female,187.10.56.250
51,Callie,Flowers,beckjohn@example.net,Female,95.134.211.78
52,Christopher,Reed,alison65@example.net,Female,153.31.240.202
53,Michael,Kearns,brownsandra@example.net,Female,19.108.210.220
54,Mary,Wilson,greenkevin@example.net,Female,146.183.28.133
55,Faustino,James,bennettjoseph@example.net,Female,121.175.214.66
56,Elizabeth,Enlow,dwilson@example.org,Male,179.186.1.197
57,Larry,Parker,genebridges@example.org,Female,147.20.241.121
58,Marisol,Kinder,geoffreyray@example.com,Male,30.197.110.225
59,Robert,Silveri,riverabrian@example.net,Female,68.25.66.203
60,Robert,Hall,kurtwilliams@example.net,Female,170.2.148.91
61,Kelly,Kerwin,kevincross@example.com,Male,167.160.151.247
62,Cassie,Johnson,fmeyer@example.net,Female,95.146.127.29
63,Virginia,Zobel,ndavis@example.com,Female,11.166.227.0
64,Michael,Barrow,willie41@example.com,Male,204.177.103.134
65,Stephen,Moran,philip06@example.org,Male,160.86.86.240
66,Carrie,Brickey,carolynparker@example.com,Female,126.69.183.55
67,Paul,Wright,msmith@example.org,Female,208.108.90.60
68,Margaret,Anderson,taylorchristina@example.org,Male,144.49.135.33
69,Melanie,Troxler,jwebb@example.org,Female,76.142.102.117
70,Ernest,Collins,ldawson@example.org,Female,139.120.161.140
71,Maurice,Wechsler,heatherrobinson@example.com,Female,36.133.1.76
72,Fred,Pepper,olsenapril@example.org,Male,37.108.136.198
73,Brenda,Andres,casey86@example.com,Female,220.160.107.209
74,Dorothy,Peak,montoyadaniel@example.net,Male,67.198.156.61
75,Victoria,Hayes,johnpierce@example.com,Male,90.38.11.234
76,Helen,Curtis,dawn90@example.com,Male,44.63.92.253
77,William,Cordova,goodwinpaula@example.org,Male,83.126.119.20
78,David,Luppino,rreynolds@example.org,Female,207.132.27.104
79,Margaret,Cleveland,joshuatorres@example.org,Female,26.58.128.222
80,Grace,Felix,david21@example.com,Female,219.50.19.153
81,Pedro,Mccoy,james35@example.org,Female,209.17.128.108
82,Joyce,Walter,david61@example.org,Female,141.232.127.205
83,Janet,Summers,dustinowen@example.org,Female,16.163.189.25
84,Santiago,Felder,russelljoshua@example.com,Female,153.127.66.174
85,Sherry,Webb,xproctor@example.net,Male,200.72.103.119
86,Corey,Lewis,samueltaylor@example.com,Female,151.102.48.219
87,Lois,Garcia,ostewart@example.com,Male,213.236.168.64
88,Kelly,Plourde,hendersonkim@example.org,Male,79.148.174.252
89,Ronald,Maceachern,ytaylor@example.org,Male,28.58.18.221
90,Ernest,Cantrell,william72@example.org,Female,10.76.58.188
91,David,Edwards,jennifer89@example.com,Male,69.197.121.226
92,Joshua,Faulkner,woodardsandra@example.net,Female,170.30.129.201
93,Darnell,Barone,sstanley@example.org,Female,76.22.58.46
94,Richard,Tamburo,jamesstephens@example.com,Female,119.106.128.111
95,Annamaria,Dykas,andrew96@example.org,Male,137.40.20.114
96,John,Brackett,juan20@example.net,Male,157.209.156.173
97,Charles,Clifford,lhughes@example.com,Male,99.3.234.82
98,Michael,Wooten,catherine87@example.org,Male,154.200.13.98
99,Linda,Mccabe,juarezkristin@example.net,Female,165.187.72.250
100,John,Soto,cheryl63@example.com,Female,214.239.111.158
101,Fredrick,Orahood,rasmussensharon@example.com,Male,162.194.240.60
102,Angela,Reinsfelder,marcus83@example.net,Female,115.175.135.118
103,Diane,Johnson,joshua09@example.net,Female,20.230.13.112
104,Cristine,Alexander,dylanrobinson@example.org,Male,123.172.246.52
105,John,Guerra,rfuentes@example.com,Female,129.117.4.45
106,Fred,Johnson,brandybyrd@example.net,Male,83.54.227.192
107,Amy,Tyson,randolphkenneth@example.net,Female,218.31.109.14
108,Christina,Cardozo,joanwilliams@example.net,Male,118.204.136.83
109,Wendy,Newberry,kgallegos@example.com,Female,206.70.78.112
110,Margaret,Artiaga,jason23@example.org,Male,195.43.83.125
111,Margaret,Lawrence,justin49@example.net,Female,17.147.193.101
112,Phillip,Mcgrath,staceywong@example.com,Male,43.255.157.200
113,Patricia,Ingham,robinsonsergio@example.net,Male,146.67.107.248
114,Guadalupe,Ross,shannon07@example.org,Female,23.20.161.99
115,David,Vasquez,benjamin71@example.org,Female,1.176.41.76
116,William,Hopper,pramirez@example.org,Female,88.233.112.53
117,Daniel,Sealock,dperez@example.net,Male,21.10.143.31
118,Emily,Ciotti,elawson@example.org,Female,213.210.47.140
119,Charlene,Natividad,qguzman@example.net,Female,19.186.208.110
120,Phillip,Rehm,douglascarter@example.org,Male,71.214.231.152
121,Oscar,Picerno,jennifer71@example.org,Male,130.62.57.20
122,Anthony,Sayle,toni66@example.net,Male,115.170.209.127
123,German,Halsted,hammondcatherine@example.org,Female,175.36.121.30
124,Dennis,Moh,traceyparker@example.com,Male,205.69.201.161
125,Howard,Flythe,katherinevance@example.net,Female,104.175.34.74
126,Harrison,Armstrong,jasminemcdonald@example.net,Male,89.39.119.35
127,Alysia,Smith,ehowell@example.com,Male,144.141.162.88
128,Alma,Stanford,mirandaspence@example.net,Female,61.241.181.59
129,Gary,Jones,glenn72@example.org,Female,125.71.226.29
130,Fernando,Mclaren,kylejohnston@example.net,Male,132.122.151.44
131,Carolina,Seward,figueroarobin@example.net,Male,47.138.113.75
132,Norma,Pearson,elliottevelyn@example.org,Female,23.16.62.21
133,Johnny,Sigg,hilleric@example.net,Female,184.247.25.90
134,Katherine,Shipley,jessica55@example.net,Female,11.35.0.164
135,Sharan,Hixson,michael95@example.com,Male,26.181.179.99
136,Kimberley,Rowland,adamsjustin@example.org,Male,78.54.217.71
137,Markita,Mullenax,zgibson@example.com,Female,221.239.127.34
138,Carlton,Knaus,maryjohnson@example.com,Male,129.126.203.211
139,Rolando,Aviles,reesetravis@example.com,Male,155.12.19.209
140,Nancy,Jenness,brendadiaz@example.com,Male,14.236.45.19
141,Mary,Coleman,morriswhitney@example.net,Female,157.75.237.21
142,Fred,Castillo,brownlaura@example.com,Female,70.67.28.236
143,Stephanie,Padilla,hullkelsey@example.net,Male,166.61.33.22
144,April,Harris,colerebecca@example.com,Male,220.48.89.149
145,Lillie,Miller,wjimenez@example.org,Female,204.203.240.93
146,John,Adams,craigaaron@example.net,Male,179.127.245.222
147,Richard,Sule,john47@example.org,Male,23.217.86.45
148,Linda,Penn,kmaldonado@example.net,Male,50.228.37.244
149,Tony,Richmond,ryangarcia@example.com,Male,95.128.172.82
150,Patrica,Frederick,catherine48@example.net,Male,197.45.109.237
151,Lynn,Cruz,matthewluna@example.com,Male,210.125.228.166
152,Christine,Santiago,qanderson@example.com,Female,23.150.192.4
153,Quinn,Parker,npetty@example.org,Female,220.21.56.60
154,Robyn,Apadoca,perryjamie@example.net,Male,149.71.39.63
155,Dorothy,Richard,karen08@example.net,Male,164.110.160.151
156,Georgiana,Knows,njohnson@example.org,Female,128.83.55.9
157,Rebekah,Sabatelli,jacob80@example.net,Male,123.109.168.134
158,John,Wilson,kimsteven@example.net,Male,132.207.95.48
159,Susan,Junes,pwilson@example.net,Male,122.220.135.253
160,Francis,Bullard,karinagarcia@example.com,Male,5.195.104.113
161,Ben,Segal,michael14@example.org,Male,156.18.94.46
162,Willie,Reeves,morganmeghan@example.net,Male,32.255.60.211
163,Yoshiko,Devora,ygeorge@example.org,Female,84.30.228.199
164,Isaac,Shaffer,mlittle@example.net,Female,14.152.50.78
165,Jessica,Brown,deborahdiaz@example.com,Female,162.208.193.49
166,Dawn,Welk,kleinalicia@example.com,Female,128.69.190.163
167,Stanley,Muth,ysullivan@example.com,Female,84.227.159.176
168,Marcel,Carpenter,douglashernandez@example.org,Male,83.60.107.131
169,Ronald,Darragh,herreraemily@example.org,Male,108.111.108.78
170,Tara,Smith,williammartin@example.com,Female,67.64.182.237
171,Elizabeth,Pelt,moodyjavier@example.org,Female,138.186.71.187
172,Juan,Kiger,allenross@example.net,Male,85.154.49.170
173,Kathleen,Decker,robersonjoshua@example.org,Female,65.90.130.114
174,Gloria,Chavez,vanessa05@example.org,Female,155.23.150.154
175,Amanda,Davis,kimberlywalters@example.com,Female,73.26.193.96
176,Nicole,Carney,leezuniga@example.com,Female,25.196.106.193
177,Bernice,Wright,michaelhoffman@example.org,Male,2.247.71.232
178,Joseph,Bourdier,joseph44@example.org,Female,15.192.176.165
179,Linda,Mcdermott,christineedwards@example.net,Male,13.202.15.109
180,Ella,Spangler,stanley10@example.com,Female,8.26.94.118
181,Gregg,Shelby,lopezmarcia@example.org,Female,35.27.0.93
182,Shantell,Putman,valenzuelasteven@example.com,Female,88.81.142.119
183,Alice,Edwards,donnascott@example.com,Male,27.221.236.42
184,Robert,Kuster,cathy21@example.com,Male,203.182.169.44
185,Susan,Barrios,fwells@example.net,Male,164.211.168.219
186,Williams,Myers,raven02@example.com,Male,18.21.104.109
187,Jennifer,Starr,nglenn@example.com,Male,141.4.98.82
188,Anthony,Koopman,ryanzimmerman@example.org,Female,217.60.31.64
189,Benjamin,Waggoner,zbrowning@example.com,Male,45.7.136.214
190,Justine,Carner,daisy09@example.com,Male,19.75.9.163
191,Kelly,Loyd,jessicacollier@example.com,Female,91.164.102.66
192,Michelle,Daughtry,edgarlewis@example.org,Female,32.172.81.116
193,Ray,Phillips,zwilson@example.com,Female,27.183.190.124
194,Maribel,Gordon,jonescatherine@example.com,Female,56.254.85.83
195,David,Frohman,colton64@example.com,Male,27.179.240.180
196,Oscar,Sterry,vdean@example.net,Female,145.89.128.234
197,Marisol,Howard,pricejames@example.com,Male,53.63.164.212
198,Barbara,Williams,hlarson@example.com,Female,125.80.198.250
199,Alexander,Adan,mwalls@example.com,Male,96.154.70.45
200,Mattie,Hargreaves,flozano@example.org,Male,208.149.1.43
201,Sophia,Renshaw,jamescampbell@example.net,Male,60.201.152.225
202,Jessica,Miller,ojones@example.org,Male,19.187.144.57
203,Dwight,Mitchell,jamesgomez@example.org,Male,140.118.238.241
204,Lillian,Rodriguez,xsmith@example.org,Female,85.29.45.222
205,Harold,Holland,nancy53@example.org,Male,175.148.23.138
206,Kim,Holze,angelamendez@example.net,Male,104.211.124.163
207,Lucille,Hines,sean12@example.net,Male,133.57.7.61
208,Willard,Sargent,bennettjennifer@example.com,Male,108.189.110.120
209,Shameka,Abernathy,harrisamanda@example.com,Female,69.30.49.111
210,Devin,Powers,robertsantiago@example.com,Female,177.41.82.15
211,Edythe,Spatz,williscraig@example.org,Female,58.108.184.25
212,Michael,Baldwin,angelvillarreal@example.org,Female,73.183.70.233
213,Kenneth,Grace,joshuapalmer@example.net,Male,12.229.128.30
214,Bethany,Whitacre,hannah95@example.org,Female,207.82.67.49
215,Jeffry,Rowell,cevans@example.net,Female,63.200.172.114
216,Elisa,Applegate,holly05@example.org,Male,57.213.78.247
217,Agnes,Garcia,yateskevin@example.net,Male,156.158.232.140
218,John,Dong,apowers@example.com,Female,86.215.54.250
219,Juan,Woolridge,hernandezherbert@example.org,Female,170.63.83.195
220,Aaron,Sivels,debravillanueva@example.com,Male,121.197.160.165
221,Jessica,Mcdermott,ewalker@example.net,Female,75.241.102.209
222,Harold,Tubbs,connorwilliams@example.com,Female,174.95.227.243
223,Linda,Wahl,pperez@example.org,Male,215.197.172.16
224,Cecil,Addie,lopezmichelle@example.com,Male,204.204.26.179
225,Ashley,Crape,maryjames@example.com,Male,65.150.117.232
226,Kristen,Dodson,ccraig@example.org,Male,47.120.239.148
227,James,Lamp,christian20@example.com,Male,9.236.118.92
228,Jennie,Alvarado,mayerbrandy@example.org,Male,79.189.70.27
229,Nathaniel,Hayes,daniel39@example.org,Male,96.129.124.164
230,Michael,Webb,ivanmcdonald@example.com,Male,73.162.82.39
231,Charles,Cox,james86@example.net,Male,145.11.52.180
232,Walter,Rohrbacher,dianeperry@example.com,Male,27.202.26.4
233,James,Robichaux,angelacarlson@example.org,Male,167.91.210.199
234,William,Parks,theodore59@example.org,Female,63.63.110.55
235,Keven,Leanen,johnsonchristopher@example.org,Female,85.53.181.43
236,Joseph,Holt,hclark@example.org,Female,168.162.48.130
237,Derek,Chee,cmartin@example.net,Male,152.95.141.134
238,Kathleen,Blatt,drewschultz@example.org,Male,131.23.154.99
239,Dorothy,Kirsch,vortiz@example.org,Male,88.12.157.71
240,Ronna,Thomas,chapmanalan@example.net,Male,43.58.229.194
241,Anna,Frazier,qnicholson@example.org,Male,191.237.3.98
242,Calvin,Bernard,jeffreypotter@example.org,Male,63.109.11.205
243,Patrick,Igel,hartcrystal@example.com,Female,51.111.62.12
244,Nicholas,Hammonds,jordanbrown@example.org,Female,47.194.240.81
245,Cecilia,Dusek,lorilee@example.com,Male,10.37.75.19
246,Eddie,Partain,marktrujillo@example.net,Male,15.210.182.244
247,Regina,Cahee,michaelgill@example.com,Male,100.210.23.190
248,Laura,Lewis,joshuaherrera@example.net,Male,160.123.122.150
249,David,Sisk,castronatasha@example.com,Male,124.34.6.202
250,Inez,Wells,darrelljones@example.org,Male,199.15.55.231
251,Federico,Vandemark,hfranklin@example.com,Female,209.112.62.90
252,Joseph,Keels,mooresarah@example.org,Female,103.213.196.81
253,Heidi,Claussen,henry07@example.org,Male,63.11.58.101
254,Debra,Lawson,rosekatie@example.org,Female,70.105.248.122
255,Kathleen,Dick,emorales@example.com,Female,92.89.134.105
256,Kathy,Gilbert,patrickbarnes@example.org,Male,22.95.122.165
257,Doris,Babcock,thompsonedward@example.org,Male,89.61.134.193
258,Adrian,Stephenson,noahyoung@example.com,Female,116.43.113.219
259,Lloyd,Wittke,briana51@example.org,Male,158.103.171.22
260,Pauline,Munoz,connerjamie@example.com,Male,11.25.138.177
261,Robert,Johnson,stephen57@example.net,Female,84.217.100.204
262,Porfirio,Koepp,richardpittman@example.org,Female,216.33.107.108
263,Colleen,Galloway,davidkaufman@example.net,Female,155.196.111.54
264,Elaine,Judge,mooretodd@example.net,Female,181.216.32.221
265,Sammie,Grant,mgillespie@example.org,Female,207.246.143.215
266,Tanna,Mazur,hebertryan@example.net,Female,102.219.219.192
267,Russel,Akbar,elizabeth92@example.org,Male,186.212.131.230
268,John,Martinez,nowens@example.net,Male,171.27.20.165
269,Joseph,Verrett,blackjeremy@example.org,Female,132.146.164.104
270,Juanita,Biondo,hunterjenny@example.net,Female,135.38.209.162
271,Gerard,Codner,chelseathomas@example.com,Female,123.81.195.86
272,Barbara,Scheetz,stevensmichele@example.com,Female,35.243.177.63
273,Ronald,Clark,hli@example.com,Male,23.84.21.142
274,Lourdes,Ramos,brianmcintyre@example.net,Female,199.222.215.82
275,Arthur,Cochran,munozjustin@example.com,Male,29.157.69.32
276,Eunice,Bidwell,shampton@example.net,Female,26.33.166.181
277,Donna,Barnes,kathleen07@example.com,Female,151.77.113.193
278,Jessica,Gunn,janetryan@example.org,Female,85.13.74.73
279,Sherrie,Burton,bennettnatalie@example.org,Female,120.119.13.3
280,Crystal,Estrada,heather73@example.org,Female,65.143.234.27
281,Leroy,Veach,gregorycoleman@example.org,Female,168.181.168.239
282,Robert,Sullivan,vjackson@example.com,Female,106.102.30.30
283,Mary,Hansen,james61@example.com,Female,116.191.114.169
284,Helen,Francis,bradleyedgar@example.net,Male,213.113.189.168
285,Lucille,Watkins,ashleylyons@example.org,Female,29.174.182.20
286,James,Trevino,jennifersmith@example.org,Female,71.211.102.57
287,Eric,Mccann,upalmer@example.org,Female,193.89.41.75
288,Joann,Hall,jgraham@example.org,Female,86.35.136.177
289,Warren,Twombley,robertsjorge@example.org,Female,46.208.244.239
290,Dana,Honaker,crystal71@example.org,Female,25.218.60.45
291,Bobbie,Oshaughnessy,ccharles@example.com,Female,99.119.75.203
292,Kimberly,Watts,evanthomas@example.com,Female,209.236.215.218
293,Nicholas,Flood,mhouston@example.net,Male,150.72.152.249
294,Sunny,Santiago,allisonjones@example.com,Male,55.177.183.26
295,Robert,Hughes,juliewhite@example.org,Male,77.49.252.52
296,Wayne,Krikorian,emily85@example.net,Male,201.87.210.143
297,Erin,Boss,gkrause@example.com,Male,71.171.170.176
298,Vanessa,Ray,isullivan@example.com,Male,177.234.193.210
299,John,Marlow,taylorvillarreal@example.com,Female,34.237.83.87
300,Steven,Padgett,brian06@example.net,Female,49.90.74.217
301,Howard,Rucker,jfischer@example.com,Male,4.217.193.121
302,Mabel,Scanlon,anitawarner@example.net,Male,21.0.48.60
303,Laura,Tamayo,pcannon@example.com,Female,176.221.234.89
304,Steven,Swanson,taylormichael@example.org,Male,171.167.85.56
305,Fannie,Otto,gregory57@example.org,Male,20.11.116.170
306,Javier,Crume,robertsgloria@example.com,Female,30.63.192.223
307,Ryan,Young,logan48@example.org,Female,132.198.151.51
308,Nicholas,Yeoman,daniel06@example.org,Male,130.19.44.88
309,Cathy,Miranda,caitlinliu@example.com,Female,132.76.231.214
310,James,Wolley,ashleysnyder@example.net,Female,145.1.115.133
311,Jessie,Davenport,khanjulie@example.org,Male,87.65.39.255
312,Elizabeth,Smith,qmarshall@example.org,Female,210.195.33.98
313,Paul,Murphy,tflores@example.net,Male,27.114.26.245
314,Eva,Bridges,katherinegarcia@example.net,Male,65.186.214.236
315,Scott,Wooten,matthewgarcia@example.com,Female,25.161.207.61
316,John,Beck,daviddavis@example.net,Male,157.198.74.164
317,Annice,Bunting,jessica95@example.com,Male,164.248.192.105
318,Doris,Dion,adammay@example.org,Male,84.180.78.44
319,Marilyn,Le,sean00@example.org,Male,158.126.99.206
320,Cindy,Hairston,alexandra37@example.com,Male,164.142.247.242
321,Wanda,Hale,kristina32@example.org,Male,214.185.222.209
322,Marie,Dishong,evelyn48@example.org,Male,118.231.69.101
323,Mike,Aronowitz,nmeyers@example.net,Female,112.171.59.254
324,Ronald,Ramirez,michellebarron@example.org,Female,215.73.120.172
325,Horace,Gonzalez,kennethnorris@example.com,Female,88.66.65.36
326,Colleen,Troyer,haley20@example.net,Female,89.58.207.3
327,Pamela,Flores,daniel10@example.org,Male,1.205.167.115
328,Sharon,Hansen,timothy70@example.org,Female,135.166.41.3
329,Jamal,Williams,robertsstephanie@example.net,Male,132.71.47.188
330,Maye,Scott,andrewsconnor@example.net,Female,41.138.250.199
331,Norman,Dardar,hjacobson@example.com,Male,175.25.39.65
332,Ann,Jones,vreese@example.org,Female,157.40.0.22
333,Michael,Back,samuelwatson@example.org,Female,190.109.46.113
334,Joel,Moore,bellnorma@example.org,Male,154.111.0.1
335,Francine,Stark,shannon59@example.net,Female,95.132.0.105
336,Lisa,Angulo,dixonscott@example.com,Female,223.248.119.13
337,James,Linton,xpruitt@example.net,Male,78.229.55.204
338,Christopher,Johnson,nchavez@example.com,Female,157.13.250.180
339,Don,Candelaria,jenniferrodriguez@example.net,Female,192.120.91.238
340,Ann,Moore,rtaylor@example.net,Female,217.149.236.225
341,Ruby,Wilkinson,cody66@example.org,Female,125.193.174.61
342,Donna,Hathaway,fmorris@example.org,Male,131.46.61.39
343,Christopher,Borkowski,weeksamanda@example.org,Female,179.177.212.13
344,Angelica,Hernandez,kpineda@example.com,Male,183.195.99.90
345,Susan,Williams,kennethallen@example.org,Male,69.75.43.182
346,William,Dorko,cindy87@example.org,Male,155.96.128.240
347,Justin,Gros,amanda99@example.org,Male,209.171.191.240
348,Effie,Suther,andersonlarry@example.org,Female,95.207.108.174
349,Virgie,Mcpherson,mgross@example.org,Female,135.146.86.240
350,Norma,Freyer,orodriguez@example.com,Female,53.121.138.44
351,Jennifer,Brito,tgonzalez@example.net,Male,124.168.168.109
352,Larissa,Routh,jamesshannon@example.com,Female,146.229.232.149
353,Shawn,Begley,scotthines@example.org,Female,166.144.134.142
354,Carrie,Longtin,jose89@example.net,Female,216.252.81.195
355,Timothy,Sellers,okim@example.com,Female,46.4.197.233
356,Rose,Liu,bowersangela@example.net,Male,185.181.30.40
357,Ervin,Ryder,jacob18@example.com,Female,173.66.213.6
358,Patrice,Fleagle,bishophaley@example.org,Female,205.6.79.210
359,Bernice,Knighton,brendagreen@example.org,Male,221.74.87.76
360,Henry,Howard,jamesmarshall@example.net,Female,115.134.108.252
361,Patricia,Fournier,joseph25@example.com,Female,109.87.77.182
362,Cynthia,Martinez,lhawkins@example.org,Female,25.31.82.249
363,Etta,Harrison,alexander43@example.com,Male,210.202.99.42
364,Genna,Barnes,wongdavid@example.net,Male,30.182.230.149
365,Scott,Miller,vsalazar@example.net,Male,18.80.62.239
366,Steven,Jones,bridgesamanda@example.org,Male,34.131.54.25
367,Mary,Evans,patrick37@example.org,Male,114.103.161.111
368,Kenneth,Britt,dillon79@example.org,Female,175.229.7.253
369,William,Chang,murphykara@example.com,Female,111.34.239.94
370,Gregory,Baxley,william14@example.com,Male,191.191.107.4
371,Melvin,Swanson,larnold@example.org,Female,197.222.201.223
372,Annie,Hills,jenniferhughes@example.org,Female,39.147.198.10
373,Verna,Sanders,christopher50@example.org,Female,74.102.192.106
374,Cythia,Nichols,jeffrey86@example.org,Male,63.245.0.120
375,Anthony,Stone,utorres@example.com,Male,72.204.184.36
376,Bradley,Pettigrew,patriciareyes@example.net,Male,37.27.160.205
377,Mark,Bryant,lmoses@example.com,Female,64.59.224.39
378,Derrick,Cain,hunter21@example.net,Male,70.86.59.35
379,Louis,Delcid,aroman@example.net,Male,6.166.204.192
380,Irene,Detweiler,glopez@example.org,Female,95.245.109.58
381,Linda,Williams,alewis@example.org,Female,210.184.190.100
382,Amy,Anderson,moorestephen@example.com,Female,39.79.205.62
383,Peggy,Bollig,blevinsjulia@example.net,Female,100.184.62.246
384,Frank,Poux,watersdaniel@example.com,Female,46.218.71.210
385,Alfred,Zombory,stephensjill@example.org,Male,22.201.66.151
386,John,Ross,murrayandrew@example.net,Female,35.112.89.199
387,Ann,Lopez,larry96@example.org,Male,113.1.4.72
388,Andre,Schultz,leonardgerald@example.org,Female,169.179.216.245
389,Brain,Elder,catherinegonzales@example.com,Female,62.136.182.51
390,Otis,Petry,jeremy16@example.com,Male,14.56.11.45
391,Tammi,Monaco,chelsea73@example.net,Male,131.242.49.145
392,Kay,Bursey,brendan35@example.org,Female,4.219.233.96
393,Juan,Boddie,debracopeland@example.net,Male,51.250.106.138
394,Ricky,Johnson,sheilaclark@example.com,Male,189.210.96.172
395,Dennis,Michna,ele@example.com,Male,7.120.100.190
396,Charlotte,Peachey,noahbradford@example.com,Male,57.130.39.219
397,Douglas,Gomez,tmcpherson@example.net,Female,170.225.205.184
398,Stephen,Waldrop,jriddle@example.org,Male,91.192.191.71
399,Gregory,Fishback,kathryncooper@example.com,Male,194.16.25.50
400,Gloria,Hill,garciajohn@example.net,Female,101.109.146.157
401,Molly,Mcmillan,utaylor@example.com,Female,45.89.62.88
402,John,Miller,teresamurillo@example.org,Male,96.8.122.188
403,Lauren,Strecker,ejones@example.org,Male,136.4.1.225
404,Hedwig,Gates,cynthia71@example.org,Female,10.125.106.180
405,Aleshia,Stamper,fdean@example.org,Female,118.184.199.226
406,Bradley,Walsh,donaldcombs@example.net,Female,177.23.99.147
407,Debbie,Leach,kristinalang@example.com,Male,3.11.136.191
408,Stephen,Chambers,madisonvazquez@example.org,Male,199.166.153.98
409,Leonard,Shorter,rmiranda@example.com,Female,154.217.98.242
410,Janice,Foster,wagnerjesse@example.org,Female,151.86.50.48
411,Mauro,Reilly,richardsilva@example.net,Male,58.84.2.169
412,Jennifer,Smith,uoconnor@example.com,Male,203.101.24.72
413,Whitney,Cobbins,xbeck@example.net,Female,67.187.92.107
414,George,Assante,ufletcher@example.com,Male,36.161.152.203
415,Agnes,Green,bryan06@example.net,Male,182.111.42.12
416,Kimberly,Severtson,willisgerald@example.org,Female,81.16.166.35
417,Sophia,Allen,colin78@example.net,Female,38.78.140.66
418,Patsy,Dubay,christopherramirez@example.com,Female,61.62.147.62
419,Patricia,Dickerson,nbaird@example.net,Male,199.82.1.83
420,Rose,Anderson,jessedecker@example.com,Female,18.177.248.4
421,Gregory,Jordan,julianthomas@example.com,Female,10.135.236.211
422,Allan,Jordan,zimmermanjoseph@example.com,Male,40.70.82.108
423,Robert,Brewster,kbailey@example.org,Male,27.28.80.91
424,Glenn,Egan,johnsonlaura@example.com,Male,180.112.122.50
425,Sophia,Steed,kristi98@example.net,Male,78.28.189.112
426,Kathleen,Grandi,hpatton@example.com,Female,85.135.86.42
427,William,Ratliff,danielshah@example.com,Male,218.176.77.192
428,Bobby,Mcmaster,combsdawn@example.org,Male,10.140.88.25
429,Richard,Plummer,vflores@example.org,Male,70.61.179.248
430,David,Ford,james86@example.com,Female,194.215.97.48
431,Luann,Harris,jmcguire@example.net,Female,199.58.40.61
432,Dona,Schwenck,robert41@example.net,Male,159.139.128.211
433,Raymond,Ford,jonathan28@example.org,Male,208.250.209.137
434,Melissa,Tribley,bholmes@example.com,Male,81.128.255.153
435,Philip,Graham,cortezdebra@example.org,Female,132.120.250.177
436,Catharine,Kestler,warnerjuan@example.com,Male,146.181.239.156
437,Travis,Johnson,david99@example.net,Male,196.90.172.120
438,Mary,Marchman,kevin37@example.org,Male,57.139.187.101
439,John,Camacho,kimberly58@example.com,Male,210.151.229.12
440,Irene,Robbins,xthomas@example.net,Female,186.174.97.39
441,Teresa,Burnett,kellyadam@example.org,Female,122.107.108.70
442,Annie,Wilke,williamstanley@example.org,Female,170.135.219.72
443,Clara,Paige,ocortez@example.net,Male,104.156.67.215
444,Jeffery,Lentz,owu@example.com,Female,6.126.61.142
445,Saul,Bridges,patriciatodd@example.net,Female,172.254.35.55
446,John,Hill,xmckenzie@example.net,Female,136.79.0.45
447,Margaret,Perkins,evansmatthew@example.org,Female,198.45.49.61
448,Bobby,Footman,miguelgarrison@example.net,Male,160.172.253.205
449,Georgia,Robinson,daniel58@example.net,Female,32.168.142.64
450,Nelson,Shakin,dustin59@example.org,Female,196.166.103.86
451,David,Allen,tmorrison@example.org,Male,192.33.113.154
452,Brenda,Reynolds,claire17@example.org,Male,178.135.105.3
453,Gale,Core,jhernandez@example.com,Male,120.166.16.156
454,George,Adams,lawsonkelly@example.com,Female,146.43.203.46
455,William,Gable,joel07@example.net,Male,13.20.142.100
456,Alexander,Clure,iyoung@example.net,Female,69.116.255.150
457,Anissa,Branum,bwolfe@example.org,Female,172.97.146.220
458,Robert,Mccool,varmstrong@example.org,Male,9.202.108.168
459,Michael,Arcement,jennifer09@example.net,Male,121.78.165.163
460,Gwendolyn,Pick,richardjoyce@example.org,Male,85.108.251.220
461,Daniel,Payne,fleminghenry@example.net,Male,6.83.6.151
462,Frederick,Jennings,xwalker@example.com,Male,129.122.37.244
463,Jason,Hay,xgarcia@example.com,Male,73.214.126.123
464,Susan,Tryon,kyle69@example.net,Male,104.59.191.219
465,Kelly,Lewis,isanchez@example.net,Male,97.171.50.169
466,Verda,Gossard,braybrian@example.org,Male,165.247.229.139
467,Michelle,Butler,eduardo58@example.net,Female,92.4.142.237
468,Patricia,Kramer,romerorichard@example.org,Female,74.225.15.240
469,Barbara,Haugh,richardsonmonica@example.org,Male,186.171.252.233
470,Don,Tackett,patelcarrie@example.org,Female,44.221.107.137
471,Selma,Barkan,josetyler@example.org,Female,114.206.151.159
472,Graham,Illuzzi,grantjeffrey@example.org,Female,130.132.237.60
473,Barbara,Dart,jordan44@example.com,Female,96.46.238.113
474,Travis,Lang,clong@example.org,Female,74.4.87.127
475,Marcus,Montemurro,cynthiacox@example.org,Male,215.131.97.113
476,Phillip,Gile,tammynunez@example.net,Female,125.125.227.85
477,Gladys,Gates,sandra50@example.org,Male,33.156.50.118
478,Wendy,Shiigi,crystal82@example.com,Female,71.7.56.167
479,Jonnie,Hansen,mosesjacob@example.org,Female,46.120.136.234
480,Julia,Beasley,melissafox@example.com,Male,77.30.132.239
481,Norma,Washington,melissa98@example.org,Female,209.141.78.67
482,Kristin,Oconnell,psimpson@example.net,Female,197.177.183.151
483,Ruth,Casbarro,rharrison@example.org,Male,196.212.165.212
484,Wendell,Martinez,nhays@example.net,Male,189.32.229.131
485,Noah,Coleman,stevenroberson@example.org,Female,206.224.140.45
486,Ralph,Smith,carl81@example.net,Female,62.121.171.1
487,Terry,Knight,jameschandler@example.org,Male,57.216.233.130
488,Francis,Jackson,restrada@example.org,Male,98.221.22.118
489,Anna,Hubbert,matthew50@example.org,Female,27.123.96.53
490,Nathaniel,Sauls,karen48@example.com,Male,194.252.237.237
491,Melanie,Sutton,vdalton@example.com,Female,179.85.2.194
492,Donald,Vega,timothy06@example.org,Male,136.36.103.105
493,Timothy,Hubbs,sharon31@example.com,Male,30.114.95.136
494,Michelle,Mazzola,qwolfe@example.com,Female,205.248.143.155
495,Cleo,Weaver,brownchristopher@example.org,Female,81.6.88.46
496,Valene,Kaliher,ktorres@example.com,Female,205.158.73.111
497,Shauna,Scott,swhite@example.org,Male,136.244.213.196
498,Janet,Hoy,taylorstephen@example.com,Male,111.236.74.12
499,Sarah,Chaney,maldonadojennifer@example.com,Female,75.1.87.100
500,John,Monahan,cantukristin@example.org,Female,180.226.233.9
501,Norma,Meadows,gilbertian@example.net,Male,64.89.215.218
502,Raymond,Givens,jason95@example.com,Female,113.170.44.103
503,Dorothy,Colon,catherineroberson@example.org,Female,117.214.130.52
504,Amy,Drummond,scottconnie@example.net,Female,117.179.6.109
505,Amanda,Hulett,jenniferjohns@example.net,Female,204.216.54.119
506,Melaine,Mcguire,phylliswilliams@example.net,Female,138.170.178.207
507,Adam,Baker,michael29@example.org,Female,31.179.52.137
508,Joseph,Mcdaniel,jamieharrington@example.net,Male,223.251.95.80
509,Patricia,Teegarden,rebeccahunter@example.com,Male,82.178.94.182
510,Edith,Kloke,jaime42@example.net,Female,22.40.139.251
511,Eddie,Santos,barbara62@example.net,Male,123.157.46.38
512,Kimberly,Parker,joelholt@example.net,Female,183.218.94.85
513,Stephen,Swanagan,peter74@example.com,Female,210.110.52.199
514,Richard,Martinez,bmendoza@example.net,Male,116.81.144.3
515,Martin,Smith,mariacampbell@example.org,Female,38.27.132.114
516,Marcia,Simonds,johnsonlisa@example.org,Male,5.103.47.228
517,Lisa,Goldman,nancy06@example.org,Female,163.103.139.3
518,Lucille,Sullivan,ihinton@example.com,Male,45.216.19.35
519,Wesley,Hall,stewartveronica@example.org,Female,66.130.121.7
520,Carmen,Jerry,campbellandrew@example.org,Male,74.29.11.192
521,Jill,Wood,karensmith@example.org,Male,140.50.106.18
522,Tia,Williams,michelle44@example.com,Male,120.149.150.213
523,Jennifer,Helmick,swood@example.net,Male,89.236.142.249
524,Kevin,Nowak,xthomas@example.org,Female,91.52.140.196
525,Vicki,Castillo,hhodge@example.com,Female,177.159.133.4
526,Patricia,Barney,bpeterson@example.com,Female,171.223.173.66
527,Sean,Waters,melanie11@example.net,Female,121.156.240.100
528,Alan,Pryor,stevenmccullough@example.com,Male,202.228.26.86
529,Connie,Griffin,cory82@example.net,Female,45.244.28.131
530,Dawn,Roberts,ryan47@example.org,Female,72.186.70.46
531,Jeannette,Chen,jmiller@example.org,Female,148.254.216.78
532,Jill,Mackiewicz,ashleywilson@example.net,Female,13.83.130.118
533,Lisa,Whitney,michellemorris@example.org,Female,70.58.138.2
534,Sarah,Bibbs,beltranlarry@example.com,Female,180.48.253.84
535,Mary,Stewart,rguerrero@example.net,Male,171.4.142.58
536,Raymond,Howe,markcook@example.com,Male,210.173.18.38
537,Damien,Estell,rachel31@example.org,Female,195.98.53.85
538,Louise,Holland,gsmith@example.com,Male,29.31.157.230
539,Amy,Rothman,brian49@example.net,Male,74.213.21.141
540,Kristie,Reeves,laura60@example.com,Female,25.62.88.230
541,Michael,Bowen,vhiggins@example.org,Female,100.185.100.25
542,Sherron,Malone,melinda79@example.com,Female,94.157.16.238
543,Clarence,Jackson,hwest@example.org,Male,126.141.56.57
544,Melvin,Taylor,freemanpeter@example.net,Male,130.169.34.99
545,Irene,Gallegos,blackwellcorey@example.org,Female,7.66.112.126
546,John,Bobo,hortonwilliam@example.org,Female,154.155.27.136
547,Travis,Pratt,ssmith@example.net,Female,153.103.203.157
548,Helen,Clark,lrios@example.org,Female,193.177.108.5
549,Pamela,Joiner,simscrystal@example.net,Male,114.84.150.160
550,Melinda,Sandoval,nhamilton@example.com,Female,87.114.143.56
551,Florence,Roman,teresafischer@example.net,Female,62.129.182.184
552,Robert,Ruot,ngallagher@example.org,Male,11.166.254.236
553,Edward,Else,holly45@example.com,Male,95.204.221.31
554,James,Banks,andrew81@example.com,Female,123.164.71.219
555,Donald,Gray,todd81@example.net,Female,130.179.110.127
556,Kimberly,Phomphithak,ericaellis@example.com,Male,107.39.136.38
557,Kevin,Brown,christinalee@example.org,Female,176.68.31.113
558,Victoria,Hobbs,dillondoris@example.com,Female,11.120.27.207
559,Alan,Carter,patelnatalie@example.com,Female,59.24.126.85
560,Jennie,Johnson,pettysherri@example.org,Male,73.115.254.194
561,Ona,Sabala,brittney14@example.org,Female,190.199.148.43
562,Suzette,Smith,qarroyo@example.org,Female,49.255.84.40
563,Roman,Bryant,michaelfox@example.com,Male,121.13.195.255
564,Edna,Scott,qreeves@example.net,Female,114.232.85.18
565,Frederick,Pifer,vicki16@example.org,Female,201.161.7.198
566,Paul,Stanley,brownbrian@example.org,Female,53.255.67.227
567,Jack,Clements,andrew47@example.net,Female,171.77.163.28
568,Geneva,Rizzio,mccormicksusan@example.net,Female,141.96.57.92
569,Hazel,Conn,wallmelissa@example.org,Male,185.208.144.176
570,Mary,Morris,andersonkeith@example.org,Female,56.81.31.221
571,Rex,Ramos,roy11@example.com,Female,51.173.126.207
572,Jason,Ugarte,matthewmcbride@example.com,Female,190.123.19.39
573,Manuel,Stall,paul93@example.net,Male,64.185.199.244
574,Melissa,Mccloy,bowenjeremy@example.org,Male,12.46.166.32
575,Marcia,Burton,robert03@example.com,Male,86.63.51.137
576,Peter,Johnson,millerjill@example.net,Male,115.155.154.148
577,Elbert,Loch,jadams@example.net,Female,80.76.125.249
578,Eric,Eddins,timothysmith@example.org,Female,194.125.55.88
579,John,Tobin,dweaver@example.com,Female,82.9.128.52
580,Bradley,Coxon,vponce@example.com,Female,38.131.227.163
581,Hugh,Warren,ljordan@example.org,Female,109.243.126.85
582,Elizabeth,Lynch,justin32@example.com,Female,94.88.171.109
583,Joseph,Wagner,tharrison@example.com,Female,208.149.127.232
584,Minnie,Giardina,davisbruce@example.org,Male,32.221.49.143
585,Natalie,Joseph,perkinscourtney@example.com,Male,121.75.224.254
586,Geraldine,Green,jsloan@example.org,Male,50.199.7.134
587,Gregory,Hill,philip15@example.com,Male,28.93.103.255
588,Scott,Lyon,oliviatorres@example.org,Female,35.138.5.154
589,Kenneth,Brandt,jeremyprice@example.com,Female,4.56.140.81
590,Gloria,Cinotti,lflores@example.org,Female,2.153.27.163
591,Robert,Davison,samanthataylor@example.com,Male,103.98.82.246
592,Marie,Morrison,laurabuck@example.net,Female,210.31.15.109
593,Melissa,Topel,martinjoseph@example.org,Male,40.36.130.68
594,Tiffany,Baldon,stewartdenise@example.org,Female,166.85.86.38
595,Larry,Havard,wfranco@example.net,Female,27.202.99.160
596,Michael,Bustamante,christinaray@example.net,Female,75.198.40.180
597,Dwayne,Davalos,baldwinvirginia@example.com,Male,95.130.34.97
598,David,Edelman,thorntontonya@example.com,Female,97.76.196.24
599,Donna,Mullikin,tiffany67@example.net,Female,221.116.81.157
600,Robert,Coelho,tasha17@example.org,Female,169.105.123.177
601,David,Berg,george15@example.net,Female,144.187.43.165
602,Roland,Chessman,phelpsdesiree@example.org,Male,24.28.219.42
603,Francis,Daye,ygill@example.net,Male,79.234.88.128
604,Lacey,Johnson,mary66@example.com,Male,20.35.63.26
605,David,Jones,emily98@example.net,Female,210.170.176.249
606,Stephen,Gonzales,sgallegos@example.net,Male,47.88.169.92
607,Maria,Jackson,rebekahstevens@example.org,Female,21.29.11.17
608,Emily,Faulkner,fredsolis@example.org,Male,111.27.236.68
609,Jill,Trammell,leah97@example.net,Female,11.8.206.50
610,Becky,Maddux,cklein@example.org,Female,9.223.35.86
611,Randall,Nighman,cortezsteven@example.net,Female,79.102.218.135
612,Fernando,Mitchum,zrivera@example.com,Female,121.113.160.60
613,Duncan,Collins,halejason@example.com,Male,26.149.121.53
614,Terry,Calkins,amy00@example.org,Female,49.255.128.15
615,Franklin,Barnes,navarropedro@example.org,Female,72.221.190.210
616,Marilyn,Drake,ariel25@example.org,Female,126.68.25.248
617,Vincent,Felker,bfox@example.org,Male,40.202.151.142
618,John,Moore,michaelgreen@example.com,Female,70.172.128.31
619,Debra,Court,rcampbell@example.com,Male,208.26.29.208
620,Robin,Woodard,raymond17@example.net,Female,160.51.6.254
621,Shane,Pereida,elizabeth50@example.org,Female,204.233.247.13
622,Johnny,Legore,bwilliams@example.org,Female,51.238.147.70
623,Julian,Swinson,rharris@example.net,Female,143.7.201.192
624,Carlos,Ange,mmorgan@example.org,Female,159.61.176.239
625,Kim,Hansen,kthomas@example.org,Female,186.68.108.100
626,Lesley,Esker,kathleengarner@example.org,Male,122.10.254.165
627,Kevin,Slaugh,fnichols@example.net,Male,174.132.247.35
628,Jose,Lewis,richard33@example.org,Female,203.210.23.219
629,Roberta,Bullock,andrealopez@example.net,Male,132.61.14.129
630,Elmo,James,sherylperry@example.org,Female,79.63.4.132
631,Jason,Henderson,wjohnson@example.com,Male,172.12.210.90
632,Donnie,Steele,michael98@example.org,Male,197.47.148.175
633,Eula,Holderman,kswanson@example.net,Male,85.5.186.60
634,Robert,Plummer,georgemichael@example.org,Female,1.5.73.89
635,Matthew,Blumberg,hfloyd@example.org,Male,160.95.69.143
636,Aracelis,Barshaw,katherine36@example.net,Female,192.169.10.210
637,Korey,Saldana,brownmegan@example.org,Male,82.108.189.20
638,Susan,Wallace,alexis50@example.net,Female,148.44.133.12
639,Dean,Crawford,catherine68@example.net,Female,188.111.40.239
640,Julie,Harris,angela75@example.net,Male,108.100.153.188
641,Maria,Holland,rebeccalynch@example.org,Male,171.105.70.5
642,James,Mariani,fergusonjennifer@example.com,Male,161.239.248.235
643,Darren,Collins,ryangriffith@example.org,Female,33.18.208.138
644,Debora,Blackwell,klyons@example.org,Female,211.105.244.225
645,Lawrence,Mccullough,porterkelly@example.net,Male,101.242.118.76
646,Brandon,Burkette,miketaylor@example.net,Female,106.15.105.10
647,Louis,Sheets,boyermargaret@example.com,Female,117.92.21.67
648,Heather,Good,aacosta@example.org,Male,185.32.213.4
649,Karen,Moshier,dawngraves@example.org,Male,208.7.18.167
650,Ken,Smith,jasonkelley@example.org,Female,99.255.201.135
651,Bill,Rafferty,powellmelissa@example.net,Female,135.45.186.212
652,Sean,Rosas,ywilliamson@example.org,Female,145.18.221.246
653,Sharla,Nevarez,ugriffin@example.com,Male,176.164.27.4
654,Tasha,Brown,carrieanderson@example.org,Female,105.211.125.91
655,Stephen,Seats,colesheila@example.net,Female,199.13.62.223
656,Debra,Scheer,julia61@example.net,Female,9.212.6.234
657,Melissa,Johnson,watsonrandall@example.org,Female,53.150.211.165
658,Harry,Burt,jensenthomas@example.org,Female,124.142.1.238
659,Tim,Sloan,abigail35@example.org,Male,196.177.200.107
660,Lee,Douglas,robin07@example.com,Male,73.242.30.82
661,Caroline,Garkow,zachary89@example.org,Female,131.141.107.190
662,Ronald,Godfrey,johnlee@example.net,Female,112.90.55.83
663,Donna,Folsom,jill36@example.com,Male,143.242.4.8
664,Ruth,Callahan,jenkinsbrian@example.net,Male,47.148.213.0
665,James,Smith,ayalaallen@example.net,Male,177.141.88.255
666,Camille,Grap,henryterry@example.org,Female,44.107.235.175
667,Susan,Miller,robertarmstrong@example.org,Female,68.209.90.157
668,Michael,Carrier,matthew92@example.net,Female,200.78.73.94
669,John,Baker,steven80@example.com,Female,21.35.191.19
670,Richard,Smith,mercedeshurst@example.org,Female,159.60.198.89
671,Dwight,Knight,davidsimon@example.org,Male,24.148.14.141
672,Brandi,Dittman,brownmike@example.org,Male,123.224.73.162
673,Aaron,Pinera,schmidtstephen@example.com,Female,37.11.207.9
674,Nancy,Neumeister,frederickprice@example.org,Female,80.103.108.3
675,Viola,Chavez,alexandercharles@example.net,Female,163.236.73.218
676,Michele,Delariva,williamsterri@example.org,Male,54.235.5.167
677,Wm,Rancourt,youngpatricia@example.com,Female,137.249.91.125
678,Bryant,Edsall,scott64@example.org,Female,132.161.37.178
679,Rebecca,Gordon,sjohnson@example.com,Female,30.7.174.191
680,Russell,Oldaker,meyereric@example.com,Female,68.218.51.15
681,Darius,Allred,xnelson@example.net,Male,130.47.157.172
682,Sidney,Sears,anna93@example.net,Male,96.172.29.71
683,Patricia,White,hesterjames@example.net,Female,149.65.135.67
684,Matthew,Miller,brooksgina@example.com,Male,153.44.238.121
685,David,Marsh,smithdouglas@example.com,Male,112.221.150.248
686,Brain,Devit,hcaldwell@example.net,Female,193.192.226.164
687,Charles,Rollins,betty05@example.net,Male,25.112.136.107
688,Margaret,Ross,ashleyvega@example.com,Male,8.224.96.57
689,Caleb,Santos,luke74@example.org,Male,155.104.219.86
690,Nelson,Pratt,edward31@example.com,Male,223.150.154.42
691,Brian,Lowe,danieloconnell@example.net,Female,173.6.236.48
692,Yvonne,Davis,ronnie07@example.net,Female,26.248.38.163
693,Antonio,Stockdill,theresa15@example.net,Female,49.24.247.246
694,Paul,Belk,jameszuniga@example.net,Male,120.216.243.53
695,Kenneth,Talbot,christopher94@example.org,Male,60.152.10.14
696,Joseph,Boone,morgankyle@example.org,Female,78.164.98.16
697,Dawn,Dial,james75@example.org,Female,69.21.13.84
698,Maria,Steele,natalie80@example.net,Male,79.216.111.5
699,Delores,Brooks,james53@example.com,Female,91.79.201.88
700,Deborah,Favela,thompsonjon@example.com,Female,106.84.241.27
701,Mary,Corona,dennis97@example.org,Female,162.64.85.148
702,Piedad,Thomas,shirleysimpson@example.net,Male,159.22.132.220
703,Keith,Lee,moranbrian@example.net,Male,146.35.45.132
704,Shannon,Connor,alyssa75@example.com,Male,168.40.123.222
705,Joseph,Ott,rodriguezedwin@example.com,Female,40.238.234.200
706,Joann,Gilbert,gerald20@example.org,Female,207.132.125.157
707,Lori,Gottfried,mmartinez@example.com,Male,15.103.215.177
708,Erich,Gomez,gonzalezlori@example.com,Male,39.23.67.120
709,Maria,Perez,rzuniga@example.net,Female,77.237.105.166
710,Adam,Johnson,wgarcia@example.net,Male,71.109.132.158
711,Peggy,Bambeck,brockseth@example.net,Female,201.133.111.155
712,Marvin,Leung,gouldjennifer@example.org,Female,207.152.58.114
713,Michael,Barnes,aaronnelson@example.org,Male,146.37.218.83
714,Henry,Lawrence,aaron17@example.org,Female,7.57.185.26
715,Gregory,Gray,xacosta@example.net,Female,65.172.7.104
716,Andrew,Ganong,eclarke@example.net,Female,4.15.59.142
717,Richard,Weber,agordon@example.net,Male,104.164.78.5
718,James,Wile,joan80@example.org,Male,202.102.104.157
719,Daniel,Kinney,gblanchard@example.org,Female,213.182.6.111
720,Melissa,Jackson,tneal@example.com,Female,98.213.64.71
721,Lloyd,Hurst,dannybates@example.net,Female,145.229.78.209
722,Janessa,Palmer,angela42@example.net,Female,146.164.180.58
723,Dale,Sherrod,moorejonathan@example.net,Male,166.181.168.79
724,Robert,Clore,robertjimenez@example.com,Male,48.233.129.155
725,Julie,Smudrick,ucastillo@example.org,Male,223.51.118.98
726,Edward,Hinton,langandrea@example.org,Male,200.24.126.253
727,James,Margo,dlowery@example.net,Female,47.74.18.67
728,Jeffrey,Coffey,rodriguezlauren@example.com,Male,204.35.208.191
729,Marie,Hernandez,tharvey@example.org,Male,134.68.25.242
730,Marshall,Stoddard,dylan94@example.com,Male,143.13.144.143
731,Anita,Walker,veronica78@example.org,Female,36.106.218.180
732,James,Marino,andrea85@example.com,Male,81.212.167.116
733,Ken,Konowal,alex16@example.com,Female,200.140.96.97
734,Mike,Mathews,lisagarcia@example.org,Male,167.96.174.192
735,Michelle,King,qreynolds@example.com,Male,94.176.196.184
736,Patty,Kilker,schultzjoseph@example.net,Female,32.82.15.75
737,Darwin,Banks,taylor06@example.com,Female,171.87.9.173
738,Sofia,Baum,robin41@example.com,Female,149.145.84.41
739,Aurora,Hartman,medinabilly@example.org,Male,112.51.15.254
740,Erica,Bailey,fspencer@example.com,Female,53.63.14.145
741,Allen,Kelleher,ygarrett@example.com,Female,24.96.84.41
742,Mary,Waldo,wheelersarah@example.com,Female,218.58.92.93
743,Dexter,Woll,evanjohnson@example.org,Female,148.134.71.96
744,Bob,Martinez,stephensmith@example.org,Female,27.67.245.145
745,Rob,Bergeron,milleranna@example.org,Male,222.182.12.46
746,William,Morgan,kimberly73@example.org,Female,129.211.255.121
747,Nancy,Johnson,jasonshaw@example.org,Female,82.36.180.230
748,John,Kelley,brian07@example.net,Male,70.241.31.187
749,Guadalupe,Dixon,ramirezjoshua@example.org,Male,114.237.2.179
750,Irma,Relyea,michaelwalker@example.com,Female,58.21.3.159
751,Maggie,Espinoza,ucrawford@example.com,Female,135.87.249.91
752,Charles,Smith,keithwilson@example.net,Male,171.236.186.55
753,Nathaniel,Shipman,garzajeffrey@example.com,Male,39.158.64.217
754,Ida,Bennett,ydavis@example.com,Female,61.255.81.45
755,David,Mcdougall,christopher58@example.net,Female,159.232.198.231
756,Joe,Waterfall,hannahmiller@example.com,Male,129.121.244.25
757,Bruce,Wanty,zross@example.com,Male,93.145.141.205
758,Christian,Mcfadden,coreypark@example.net,Male,196.180.212.195
759,Emilio,Trimble,nicholas04@example.org,Male,192.244.224.182
760,Mike,Carter,marcusbyrd@example.com,Female,187.56.238.81
761,Catherine,Roberts,clarkjimmy@example.org,Male,59.199.134.214
762,Carlos,Pagan,simpsonmiranda@example.org,Male,199.202.31.108
763,John,Holmes,jacob08@example.net,Male,31.238.235.120
764,Jessica,Riggs,browntina@example.net,Female,196.44.119.32
765,Sheila,Pillar,veronica01@example.net,Female,198.45.128.153
766,Keith,Blass,longchristopher@example.com,Female,34.118.179.252
767,Diane,Bronner,robertsjoanna@example.org,Male,48.130.245.14
768,Grady,Eady,christinamartin@example.com,Male,74.234.126.246
769,Sandra,Naugle,blaircarlos@example.com,Female,101.172.188.74
770,Ronnie,Slowinski,penningtonbrian@example.org,Female,183.141.229.85
771,Craig,Kizer,patriciabarnes@example.com,Female,164.37.176.245
772,Linda,Tallant,ffrye@example.org,Male,100.253.151.201
773,Mary,Dyce,mcdonaldsummer@example.net,Male,93.76.227.153
774,Ricky,Hefner,anthonysnow@example.org,Male,57.230.113.69
775,Martha,Shepherd,karenhicks@example.net,Female,108.95.39.185
776,Grover,Bird,jessica70@example.com,Female,83.178.37.60
777,Trenton,Hanson,carlasmith@example.com,Female,85.154.223.216
778,Cecil,Ruiz,sherryperez@example.org,Male,110.125.138.52
779,Micaela,Gomez,nguyenphilip@example.com,Male,204.88.127.36
780,Courtney,Green,tbryant@example.net,Male,36.65.145.113
781,Richard,Kirby,jgarcia@example.net,Male,209.193.238.60
782,Kathryn,Ward,shaun62@example.net,Female,104.108.110.92
783,Richard,Guardado,melissa92@example.net,Female,20.177.99.149
784,Jannet,Marchman,patricksantana@example.net,Male,211.186.220.57
785,James,Skiles,wheelermeagan@example.com,Male,81.135.129.12
786,Ariana,Heilman,sturner@example.net,Male,66.203.66.96
787,Clarence,Moore,wagnersara@example.net,Female,111.94.224.187
788,Alan,Logan,jillmills@example.org,Male,88.126.143.38
789,Garrett,Stevenson,hmoore@example.net,Male,219.147.26.128
790,Eugene,Mcallister,john39@example.org,Female,67.246.43.133
791,Juan,Beasley,ohoward@example.com,Male,8.6.38.140
792,Ann,Pellot,howardlaurie@example.org,Female,202.134.103.102
793,Edward,Baydal,madison24@example.org,Female,158.152.182.103
794,Tony,Haygood,angelascott@example.com,Male,49.66.48.180
795,Rebecca,Wright,obowman@example.com,Female,193.6.107.166
796,David,Sloan,randolphjesus@example.net,Female,37.66.65.155
797,Diane,Kokesh,kimberly41@example.com,Male,8.119.121.20
798,Dorothy,Weaver,fosterjoanne@example.org,Male,38.170.84.124
799,Michelle,Fleming,dawn57@example.org,Female,85.183.225.207
800,Jesse,Beaushaw,carriewilliams@example.com,Male,40.82.103.79
801,Stan,Tambe,ksullivan@example.net,Male,209.166.117.99
802,Catherine,Albarado,icarter@example.net,Female,72.77.137.3
803,Debra,Caldwell,browngabriel@example.net,Female,157.53.197.139
804,Marty,Taylor,santoschristopher@example.net,Male,104.177.211.177
805,Mike,Soria,nelsonpatricia@example.org,Male,112.100.199.207
806,Greg,Campanella,mcdowelljeffery@example.org,Male,219.248.248.227
807,Adrian,Jimenez,linda02@example.com,Male,190.162.11.167
808,Jared,Rightmire,sandraweaver@example.net,Male,160.254.24.188
809,Loretta,Ware,dayscott@example.com,Male,56.48.41.149
810,Heather,Jordan,ericconner@example.org,Female,63.16.65.231
811,Phillip,Loop,nicole40@example.com,Female,151.196.23.136
812,Debra,Babiarz,hensleybeth@example.org,Female,100.168.49.65
813,John,Schummer,john78@example.com,Male,8.24.172.98
814,William,Edwards,megan41@example.org,Female,28.42.225.111
815,Jerry,Silvernail,dereksnow@example.com,Male,92.136.244.184
816,Gary,Cook,ericbrowning@example.net,Female,23.175.197.154
817,Melanie,Fletcher,jillwilson@example.com,Female,186.6.34.115
818,Shantell,Francois,staciekim@example.com,Male,33.68.56.247
819,Charles,Gaddis,williammcknight@example.org,Female,161.108.193.12
820,Kimberly,Torres,rileyashley@example.com,Female,73.2.60.212
821,Raymond,Elsass,julia39@example.net,Female,11.203.198.159
822,Cythia,Dickerson,kimberly47@example.com,Male,158.84.18.97
823,Michael,Boisvert,athompson@example.org,Male,110.167.225.112
824,Luis,Harian,christine07@example.com,Male,101.164.140.3
825,Tracy,Kasack,parsonsjohn@example.com,Female,219.179.124.159
826,Julie,Sirmans,amybrewer@example.com,Male,119.217.249.79
827,Rene,Bleakley,svaughn@example.net,Female,47.19.191.220
828,Bryant,Klink,fisherlauren@example.net,Female,83.155.135.33
829,Sarah,Marquez,coryday@example.com,Female,83.149.234.161
830,Ruby,Edie,brandonbriggs@example.org,Male,118.11.223.133
831,Preston,Proctor,nguyenjoseph@example.net,Male,82.95.189.193
832,Sue,Funkhouser,taylornathaniel@example.org,Female,29.229.60.204
833,Jerome,Holland,jenkinsfelicia@example.org,Male,46.209.40.217
834,Cindy,Lindenbaum,leroywatts@example.net,Male,27.223.232.72
835,James,Boswell,laurenkaiser@example.net,Male,207.233.2.65
836,Eulah,Wilt,sydneyjordan@example.com,Female,152.194.70.142
837,Debbie,Mcnamara,mvillanueva@example.com,Male,53.205.173.87
838,William,Roberts,danielwillis@example.org,Male,175.98.176.225
839,Kristy,Farrar,rebeccachristensen@example.com,Female,83.72.217.74
840,Michelle,Rios,hramirez@example.com,Male,128.253.234.139
841,Cynthia,Cooper,aterrell@example.org,Male,48.161.57.10
842,Joanna,Poeppelman,michelle11@example.org,Female,194.31.198.255
843,Donna,Elmore,davidroach@example.net,Male,41.143.205.121
844,Elizabeth,Webster,jbraun@example.com,Male,73.4.242.123
845,Barbara,Gonzales,nathaniel41@example.org,Male,18.55.68.201
846,Jenny,Gardner,rodgersdavid@example.com,Male,216.133.86.128
847,Shannon,Elliott,suzanne71@example.com,Male,50.200.202.23
848,Willie,Edwards,briana79@example.org,Male,207.80.70.23
849,Andrea,Thompson,fthompson@example.org,Female,175.235.223.46
850,Nicholas,Carpenter,lauramartinez@example.net,Female,99.46.192.3
851,Dorothy,Weber,jimbrown@example.net,Male,193.13.93.245
852,Brian,Miller,youngandrew@example.com,Female,159.135.194.168
853,Marsha,Gomez,ismith@example.org,Female,104.129.251.112
854,Carlos,Joyce,perezmelissa@example.net,Female,130.31.89.87
855,Gladys,Brooks,gblair@example.org,Male,122.135.76.222
856,Cheryl,Murphy,jlawrence@example.com,Female,12.144.153.134
857,Edna,Frasure,dakota97@example.org,Male,213.122.211.205
858,Ana,Hayter,michaelatran@example.com,Male,67.165.208.122
859,Mary,Barr,ronaldmercer@example.org,Male,220.68.94.196
860,Patricia,Brown,fanderson@example.net,Male,36.182.209.49
861,Roger,Gonzalez,mgriffin@example.com,Male,27.43.212.176
862,Jennifer,Cole,michael29@example.com,Female,13.117.152.149
863,Roger,Colbert,robert47@example.org,Female,77.236.55.91
864,Rosa,Abbe,holly80@example.com,Female,74.87.243.253
865,Tommie,Johnson,xmiller@example.net,Female,183.38.200.55
866,Dorothy,Swanson,ianhunter@example.net,Male,176.45.195.33
867,Curtis,Hammond,paula76@example.org,Female,126.26.26.137
868,Matthew,Johnson,oneillwillie@example.net,Male,13.145.247.18
869,Margot,Salgado,halldana@example.net,Male,14.38.202.173
870,Donald,Manor,daniel54@example.org,Male,15.43.16.186
871,Yulanda,Rangel,andersonsamantha@example.org,Male,18.172.216.122
872,Phillip,Lawson,stephen04@example.net,Male,193.198.169.22
873,Keith,Mullane,kylejohnson@example.com,Male,111.233.31.206
874,Katherine,Estep,smora@example.com,Male,87.83.233.207
875,Charles,Polizio,tandrews@example.org,Female,97.56.122.86
876,Silvia,Marbley,gcurtis@example.org,Male,221.145.37.38
877,Heather,Malave,walterroberts@example.org,Male,210.231.100.75
878,Gloria,Dominguez,aaroncole@example.org,Female,199.112.121.96
879,Valeria,Dwyer,adamscindy@example.net,Female,88.71.247.180
880,James,Boyle,xday@example.org,Male,16.224.200.42
881,Mamie,Brock,claymichael@example.com,Female,20.66.63.1
882,Vina,Phillips,charlesboone@example.com,Male,39.20.177.94
883,Jewel,Hamilton,mcdowellsheena@example.org,Female,8.65.219.180
884,Susan,Phillips,caseyteresa@example.com,Male,71.117.93.107
885,Philip,Dolfi,scottmonica@example.org,Male,165.69.240.153
886,Lisa,Hardy,stacy72@example.org,Female,20.35.103.114
887,George,Guy,nathan11@example.org,Male,132.14.176.11
888,Wes,Duke,lindseycruz@example.com,Female,189.157.249.136
889,Vincent,Jacobson,mvazquez@example.net,Female,171.67.224.13
890,Robert,Moore,millerjohn@example.net,Female,149.153.245.255
891,Brian,Hudson,ericlowe@example.org,Male,59.249.2.37
892,Kimberley,Devore,jmcdonald@example.org,Male,11.18.67.236
893,Charles,Tam,yrussell@example.com,Male,193.212.95.21
894,Guadalupe,Parker,john72@example.org,Male,152.173.93.216
895,Jason,Mcdonald,tharrison@example.com,Male,213.255.131.201
896,Daniel,Wall,wmcneil@example.net,Female,145.204.64.75
897,Sylvia,Gutman,victor79@example.org,Female,118.172.16.13
898,Sylvia,Jones,mooreemily@example.net,Female,110.254.75.228
899,Josephina,Williamson,rodgersdavid@example.com,Female,129.11.237.6
900,Samantha,Lee,thomasjohnson@example.org,Female,89.245.96.78
901,Derek,Mandrell,clarkkim@example.net,Male,115.193.3.245
902,Charles,Flores,woodsjohn@example.org,Male,58.19.55.135
903,Clifton,Cecil,robinsonjames@example.com,Female,150.213.76.232
904,Carolyn,Phillips,drichardson@example.com,Female,27.120.106.14
905,Michael,Santos,deborah92@example.com,Male,187.121.246.153
906,Edward,Roman,carmenrios@example.org,Female,60.10.232.246
907,Madeline,Vellucci,alicia19@example.com,Female,174.47.136.89
908,Ronald,Sullivan,ivasquez@example.net,Male,201.37.126.9
909,Larry,Whitley,raymond37@example.org,Male,42.59.59.107
910,Charity,Wooden,johnathan74@example.com,Female,131.202.249.59
911,Nannie,Meredith,mmartinez@example.com,Female,163.66.235.34
912,Angela,Overturf,laura05@example.com,Male,166.67.217.221
913,Cynthia,Trimble,jamesjuarez@example.net,Female,198.172.54.226
914,Polly,Smith,debrawilliams@example.net,Female,197.202.10.63
915,Claire,Briseno,kennethgaines@example.org,Male,158.0.83.32
916,Eva,Tamez,aprilsanchez@example.org,Male,122.117.191.33
917,Antonia,Murphy,smithwendy@example.org,Male,117.166.30.83
918,Kim,Pham,xburgess@example.net,Male,207.9.241.79
919,Jeffrey,Doyle,wesley00@example.org,Female,74.165.8.150
920,Bertha,Blackburn,donald72@example.org,Female,116.100.42.86
921,Zachary,Jackson,elizabethgonzalez@example.net,Male,62.39.8.80
922,Roy,Savage,adamday@example.net,Male,176.47.20.166
923,Dennis,Carstens,wnewman@example.com,Male,61.58.8.219
924,Chris,Walker,tonytrujillo@example.org,Female,222.128.219.86
925,Olga,Pickles,david68@example.net,Female,120.240.24.222
926,Becky,Parker,markbowen@example.com,Male,11.136.90.245
927,Carol,Thomas,christopherwatson@example.com,Male,174.48.186.233
928,Gabriel,Brumley,charlesreynolds@example.net,Female,69.134.186.0
929,Michael,Larose,nbrown@example.net,Female,70.48.199.118
930,Lisa,Altro,samanthaperez@example.net,Female,6.152.113.81
931,Virginia,Harris,oneillpeter@example.org,Female,70.168.33.135
932,Betty,Gentry,jeffreystanley@example.com,Male,67.53.145.107
933,Kimberly,Earls,victoriawest@example.com,Female,104.59.153.230
934,Gary,Robinson,jerry08@example.com,Male,123.214.183.216
935,Leonard,Smith,joanngarcia@example.org,Male,26.97.230.116
936,Candice,Buffin,leah41@example.org,Female,192.8.24.208
937,Janie,Singer,vguzman@example.org,Female,167.38.124.119
938,Chris,Hinton,paulaadams@example.net,Female,174.80.117.49
939,Anna,Cohen,dominiquejohnson@example.net,Female,30.0.209.199
940,Edward,Stewart,anthonyrodriguez@example.net,Male,163.115.104.163
941,Viola,Rego,heidiharris@example.org,Female,48.129.162.199
942,George,Schepens,grosstraci@example.com,Male,148.92.68.176
943,Jerry,Evans,ambermontoya@example.net,Male,172.132.24.151
944,Rhonda,Rickon,kevin92@example.org,Male,113.128.167.167
945,Hilda,Lapierre,melissa85@example.com,Female,47.147.170.235
946,Larry,Luer,michelle52@example.com,Male,30.171.195.42
947,Richard,Wright,kcole@example.net,Male,111.43.47.136
948,Mike,Stansell,briannacooley@example.org,Female,155.7.63.242
949,April,Apple,rmayer@example.net,Female,124.82.32.164
950,Jacqueline,Obryan,patricia27@example.com,Male,19.7.30.169
951,Ann,Jones,whitestacey@example.net,Female,155.246.117.46
952,Melody,Key,darren41@example.org,Female,130.242.182.181
953,Tim,Hartman,nancy29@example.net,Female,164.184.117.39
954,Marian,Potts,goodmanmichelle@example.com,Male,201.101.76.87
955,Albert,Grilli,masseydavid@example.net,Female,6.41.124.5
956,Karen,Harmon,stonedonald@example.org,Female,187.21.137.181
957,Maria,Currie,clinecody@example.org,Female,141.33.219.245
958,Eli,Cooper,ybyrd@example.net,Female,74.146.103.198
959,Robert,Mabe,johnsonwilliam@example.com,Female,22.217.31.32
960,Jacqueline,Miller,rosebenjamin@example.com,Male,162.47.64.70
961,Josephine,Diaz,amandamaldonado@example.com,Female,149.191.221.114
962,Kellie,Timothy,randy53@example.org,Female,11.36.196.35
963,Claudette,Bachman,dtaylor@example.org,Female,77.219.209.91
964,Ernie,Myers,melaniesellers@example.net,Female,32.9.133.68
965,Darwin,Moore,jeffrey64@example.org,Female,124.34.17.217
966,Kimberly,Sams,richard36@example.org,Male,56.74.221.132
967,Sherry,Eberhard,lynnsanchez@example.org,Female,52.241.112.52
968,Steven,Myers,tedwards@example.org,Female,35.76.250.179
969,Vickie,Oun,amy61@example.com,Male,195.250.26.56
970,Allen,Manwaring,jenkinssteven@example.net,Male,100.179.172.175
971,Jacob,Perry,andersonzachary@example.com,Female,192.138.69.123
972,Lillian,Jones,courtney40@example.net,Female,126.76.44.37
973,Allen,Dallas,staceymitchell@example.com,Female,123.14.72.13
974,Lisa,Goodridge,evanstyler@example.com,Male,45.211.218.28
975,Donna,Taylor,joshua62@example.com,Female,137.22.234.193
976,Constance,Santiago,lindsaydelgado@example.org,Female,58.252.230.184
977,Billy,Swafford,carolyn91@example.com,Female,80.108.214.9
978,Ralph,Collom,natalie69@example.com,Female,79.27.48.172
979,Timmy,Lachner,nancybrown@example.net,Female,173.79.223.106
980,Edward,Mcnew,frederickkevin@example.org,Male,82.145.156.0
981,Barbara,Guerrera,jessemartin@example.org,Female,210.28.82.134
982,Richard,Ballance,gerald35@example.com,Male,15.104.246.220
983,Harry,Biggerstaff,john27@example.net,Male,205.157.236.203
984,Toni,Jackson,omyers@example.com,Male,61.202.165.185
985,John,Mason,christopherhowell@example.net,Male,185.21.220.63
986,Thomas,Voorhees,kevin87@example.com,Male,68.194.154.38
987,Jason,Duncan,jeffrey26@example.com,Female,200.113.72.164
988,William,Martin,qhoward@example.org,Female,128.60.85.139
989,Kristan,Graham,schneidershawn@example.org,Male,158.3.60.121
990,Charles,Keenan,kathleen07@example.com,Female,31.152.189.162
991,Daniel,Hernandez,andrewcain@example.org,Female,40.143.154.189
992,Frank,Schneider,daniel28@example.net,Female,149.153.152.35
993,Michael,Thomson,dstevens@example.net,Male,93.241.55.255
994,Antonio,Swan,taylormary@example.org,Male,7.107.56.92
995,Louis,Vallejo,sean58@example.net,Male,146.215.151.32
996,Ola,Lillpop,fcox@example.net,Female,184.237.207.173
997,Shirley,Licudine,travis52@example.org,Female,183.94.37.80
998,Marsha,Williams,julierogers@example.com,Female,126.160.3.16
999,William,Picerno,bwilson@example.net,Male,116.148.52.233
1000,Deborah,Justen,gordonkelsey@example.org,Male,41.132.43.68
